<xml>
    <object name="FlightPlanSettings" category="Navigation" settings="true" singleinstance="true">
        <description>Settings for the flight plan module, control the execution of the script
        </description>
        <field name="Test" defaultvalue="0.0" elements="1" type="float" units="" />
        <access flight="readwrite" gcs="readwrite" />
        <telemetrygcs acked="true" period="0" updatemode="onchange" />
        <telemetryflight acked="true" period="0" updatemode="onchange" />
        <logging period="0" updatemode="manual" />
    </object>
</xml>
