<xml>
    <object name="I2CStats" category="System" settings="false" singleinstance="true">
        <description>Tracks statistics on the I2C bus.</description>
        <field name="event_errors" elements="1" type="uint8" units="" />
        <field name="fsm_errors" elements="1" type="uint8" units="" />
        <field name="irq_errors" elements="1" type="uint8" units="" />
        <field name="nacks" elements="1" type="uint8" units="" />
        <field name="timeouts" elements="1" type="uint8" units="" />
        <field name="last_error_type" elements="1" options="EVENT,FSM,INTERRUPT" type="enum"
            units="" />
        <field name="evirq_log" elements="5" type="uint32" units="" />
        <field name="erirq_log" elements="5" type="uint32" units="" />
        <field name="event_log" elements="5"
            options="I2C_EVENT_BUS_ERROR, I2C_EVENT_START, I2C_EVENT_STARTED_MORE_TXN_READ, I2C_EVENT_STARTED_MORE_TXN_WRITE, I2C_EVENT_STARTED_LAST_TXN_READ, I2C_EVENT_STARTED_LAST_TXN_WRITE, I2C_EVENT_ADDR_SENT_LEN_EQ_0, I2C_EVENT_ADDR_SENT_LEN_EQ_1, I2C_EVENT_ADDR_SENT_LEN_EQ_2, I2C_EVENT_ADDR_SENT_LEN_GT_2, I2C_EVENT_TRANSFER_DONE_LEN_EQ_0, I2C_EVENT_TRANSFER_DONE_LEN_EQ_1, I2C_EVENT_TRANSFER_DONE_LEN_EQ_2, I2C_EVENT_TRANSFER_DONE_LEN_GT_2, I2C_EVENT_NACK, I2C_EVENT_STOPPED, I2C_EVENT_AUTO"
            type="enum" units="" />
        <field name="state_log" elements="5"
            options="I2C_STATE_FSM_FAULT,I2C_STATE_BUS_ERROR,I2C_STATE_STOPPED,I2C_STATE_STOPPING,I2C_STATE_STARTING,I2C_STATE_R_MORE_TXN_ADDR,I2C_STATE_R_MORE_TXN_PRE_ONE,I2C_STATE_R_MORE_TXN_PRE_FIRST,I2C_STATE_R_MORE_TXN_PRE_MIDDLE,I2C_STATE_R_MORE_TXN_LAST,I2C_STATE_R_MORE_TXN_POST_LAST,R_LAST_TXN_ADDR,I2C_STATE_R_LAST_TXN_PRE_ONE,I2C_STATE_R_LAST_TXN_PRE_FIRST,I2C_STATE_R_LAST_TXN_PRE_MIDDLE,I2C_STATE_R_LAST_TXN_PRE_LAST,I2C_STATE_R_LAST_TXN_POST_LAST,I2C_STATE_W_MORE_TXN_ADDR,I2C_STATE_W_MORE_TXN_MIDDLE,I2C_STATE_W_MORE_TXN_LAST,I2C_STATE_W_LAST_TXN_ADDR,I2C_STATE_W_LAST_TXN_MIDDLE,I2C_STATE_W_LAST_TXN_LAST,I2C_STATE_NACK"
            type="enum" units="" />
        <access flight="readwrite" gcs="readwrite" />
        <telemetrygcs acked="false" period="0" updatemode="manual" />
        <telemetryflight acked="false" period="10000" updatemode="periodic" />
        <logging period="0" updatemode="manual" />
    </object>
</xml>
