<xml>
    <object name="ObjectPersistence" category="System" priority="true" settings="false"
        singleinstance="true">
        <description>Used by gcs to handle object persistence to flash memory</description>
        <field name="Operation" elements="1"
            options="NOP,Load,Save,Delete,FullErase,Completed,Error" type="enum" units="" />
        <field name="Selection" elements="1"
            options="SingleObject,AllSettings,AllMetaObjects,AllObjects" type="enum" units="" />
        <field name="ObjectID" elements="1" type="uint32" units="" />
        <field name="InstanceID" elements="1" type="uint32" units="" />
        <access flight="readwrite" gcs="readwrite" />
        <telemetrygcs acked="true" period="0" updatemode="manual" />
        <telemetryflight acked="true" period="0" updatemode="onchange" />
        <logging period="0" updatemode="manual" />
    </object>
</xml>
