<xml>
    <object name="MixerStatus" singleinstance="true" settings="false" category="Control">
        <description>Status for the matrix mixer showing the output of each mixer after all scaling</description>
        <field name="Mixer1" units="" type="float" elements="1"/>
        <field name="Mixer2" units="" type="float" elements="1"/>
        <field name="Mixer3" units="" type="float" elements="1"/>
        <field name="Mixer4" units="" type="float" elements="1"/>
        <field name="Mixer5" units="" type="float" elements="1"/>
        <field name="Mixer6" units="" type="float" elements="1"/>
        <field name="Mixer7" units="" type="float" elements="1"/>
        <field name="Mixer8" units="" type="float" elements="1"/>
        <field name="Mixer9" units="" type="float" elements="1"/>
        <field name="Mixer10" units="" type="float" elements="1"/>
        <field name="Mixer11" units="" type="float" elements="1"/>
        <field name="Mixer12" units="" type="float" elements="1"/>
        <access gcs="readwrite" flight="readwrite"/>
        <telemetrygcs acked="false" updatemode="manual" period="0"/>
        <telemetryflight acked="false" updatemode="periodic" period="1000"/>
        <logging updatemode="manual" period="0"/>
    </object>
</xml>
