<xml>
    <object name="OveroSyncSettings" singleinstance="true" settings="true" category="System">
        <description>Settings to control the behavior of the overo sync module</description>
        <field name="LogOn" units="" type="enum" options="Never,Always,Armed" elements="1" defaultvalue="Armed"/>
        <access gcs="readwrite" flight="readwrite"/>
        <telemetrygcs acked="false" updatemode="manual" period="0"/>
        <telemetryflight acked="false" updatemode="onchange" period="0"/>
	<logging updatemode="manual" period="0"/>
    </object>
</xml>
